{
  "mean": [
    1356.5371708294774,
    141.87091550077054,
    1619.690499040307,
    51.761787387978764,
    3.824459298646656,
    57.866602687140116,
    82.87196789170324,
    2.9065429591687297,
    19.849038137532375,
    5.392912351270159,
    -0.0003871855423658425,
    1.3446431489217903,
    6.877839143926662,
    -6.558284542319072,
    0.0027332551195825305,
    15.161381096721254,
    1.091690043972997,
    1.1637761485722036,
    6.132437619961612,
    3.8205374280230324,
    9.952975047984644,
    112.27575382384086,
    12.497627100802188,
    5804.988885708968,
    0.7735628023521655,
    1.4385796545105567,
    0.33013435700575816
  ],
  "scale": [
    599.5394569706983,
    141.3276483066101,
    605.6359648860647,
    47.909127779885345,
    3.7049431669996697,
    48.00381320599678,
    2.8864701582987906,
    6.748794758547071,
    15.501971703740836,
    5.136592498694708,
    0.2738060598498064,
    1.0188724789301253,
    7.102964251369507,
    6.595026361709599,
    0.9963942208845992,
    16.97930417187332,
    0.48457870297665734,
    0.39834362229357856,
    5.500019508641487,
    3.6118593978752123,
    7.323003994417624,
    50.19253288733668,
    12.172685252803468,
    2904.5092302259936,
    0.3745610326332722,
    0.6246450799460765,
    0.47026127134833545
  ],
  "var": [
    359447.56046471983,
    19973.504175876868,
    366794.9219634746,
    2295.2845246293814,
    13.726603870697542,
    2304.366082316231,
    8.331709974749446,
    45.54623069299242,
    240.31112670358152,
    26.384582497646747,
    0.07496975841047575,
    1.0381011283212187,
    50.45210115623318,
    43.49437271164455,
    0.9928014434122274,
    288.2967701609947,
    0.2348165193785395,
    0.1586776414219692,
    30.250214595436944,
    13.04552831001949,
    53.62638750225647,
    2519.2903576463746,
    148.17426626381905,
    8436173.868467994,
    0.14029596716730316,
    0.39018147590084035,
    0.2211456633301528
  ],
  "n_samples_seen": 2084
}